case_id,joint_id,junction_type,orientation,fitting_handle,expected_point,actual_point,gap_mm,overlap_mm,axial_residual_mm,lateral_error_mm,centerline_status,insert_status,trim_status,gap_overlap_status,candidate_entity_count,matched_entity_handles,status
A1_W+N,A1_W+N/N2/W,ELBOW,W+N,40E,"[-465.411007888, 0]","[-465.411007888, 0]",0.0,0.0,0,0,PASS,PASS,PASS,PASS,8,"[""40E"", ""571"", ""570""]",PASS
A1_W+N,A1_W+N/N2/N,ELBOW,W+N,40E,"[-2.40796e-05, 465.4109838085]","[0, 465.411007888]",2.40795e-05,0.0,-2.40795e-05,2.40796e-05,PASS,PASS,PASS,PASS,8,"[""40E"", ""57D"", ""57C""]",PASS
A2_W+S,A2_W+S/N3/W,ELBOW,W+S,40D,"[9534.5890161915, -2.40796e-05]","[9534.588992112, 0]",2.40795e-05,0.0,-2.40795e-05,2.40796e-05,PASS,PASS,PASS,PASS,8,"[""40D"", ""559"", ""558""]",PASS
A2_W+S,A2_W+S/N3/S,ELBOW,W+S,40D,"[10000, -465.411007888]","[10000, -465.411007888]",0.0,0.0,0,0,PASS,PASS,PASS,PASS,8,"[""40D"", ""565"", ""564""]",PASS
A3_E+S,A3_E+S/N2/E,ELBOW,E+S,40C,"[20465.411007888, 0]","[20465.411007888, 0]",0.0,0.0,0,0,PASS,PASS,PASS,PASS,8,"[""40C"", ""541"", ""540""]",PASS
A3_E+S,A3_E+S/N2/S,ELBOW,E+S,40C,"[20000.0000240796, -465.4109838085]","[20000, -465.411007888]",2.40795e-05,0.0,-2.40795e-05,2.40796e-05,PASS,PASS,PASS,PASS,8,"[""40C"", ""54D"", ""54C""]",PASS
A4_E+N,A4_E+N/N1/E,ELBOW,E+N,40B,"[30465.4109838085, 2.40796e-05]","[30465.411007888, 0]",2.40795e-05,0.0,-2.40795e-05,2.40796e-05,PASS,PASS,PASS,PASS,8,"[""40B"", ""529"", ""528""]",PASS
A4_E+N,A4_E+N/N1/N,ELBOW,E+N,40B,"[30000, 465.411007888]","[30000, 465.411007888]",0.0,0.0,0,0,PASS,PASS,PASS,PASS,8,"[""40B"", ""535"", ""534""]",PASS
B1_TEE_branch_N,B1_TEE_branch_N/N2/E,TEE,E+W+N,40A,"[41110.714349865, 0]","[41110.7143971339, 0]",4.72689e-05,0.0,-4.72689e-05,0,PASS,PASS,PASS,PASS,8,"[""40A"", ""524"", ""523""]",PASS
B1_TEE_branch_N,B1_TEE_branch_N/N2/W,TEE,E+W+N,40A,"[39889.2856501351, 0]","[39889.2856028661, 0]",4.72689e-05,0.0,-4.72689e-05,0,PASS,PASS,PASS,PASS,8,"[""40A"", ""51F"", ""51E""]",PASS
B1_TEE_branch_N,B1_TEE_branch_N/N2/N,TEE,E+W+N,40A,"[40500, 610.7143498649]","[40500, 610.7143971339]",4.72689e-05,0.0,-4.72689e-05,0,PASS,PASS,PASS,PASS,8,"[""40A"", ""514"", ""513""]",PASS
B2_TEE_branch_S,B2_TEE_branch_S/N3/E,TEE,E+W+S,409,"[47110.714349865, 0]","[47110.7143971339, 0]",4.72689e-05,0.0,-4.72689e-05,0,PASS,PASS,PASS,PASS,8,"[""409"", ""50F"", ""50E""]",PASS
B2_TEE_branch_S,B2_TEE_branch_S/N3/W,TEE,E+W+S,409,"[45889.2856501351, 0]","[45889.2856028661, 0]",4.72689e-05,0.0,-4.72689e-05,0,PASS,PASS,PASS,PASS,8,"[""409"", ""50A"", ""509""]",PASS
B2_TEE_branch_S,B2_TEE_branch_S/N3/S,TEE,E+W+S,409,"[46500, -610.7143498649]","[46500, -610.7143971339]",4.72689e-05,0.0,-4.72689e-05,0,PASS,PASS,PASS,PASS,8,"[""409"", ""4FF"", ""4FE""]",PASS
B3_TEE_branch_W,B3_TEE_branch_W/N3/W,TEE,W+N+S,408,"[51889.2856501351, 0]","[51889.2856028661, 0]",4.72689e-05,0.0,-4.72689e-05,0,PASS,PASS,PASS,PASS,8,"[""408"", ""4EC"", ""4EB""]",PASS
B3_TEE_branch_W,B3_TEE_branch_W/N3/N,TEE,W+N+S,408,"[52500, 610.714349865]","[52500, 610.7143971339]",4.72689e-05,0.0,-4.72689e-05,0,PASS,PASS,PASS,PASS,8,"[""408"", ""4F8"", ""4F7""]",PASS
B3_TEE_branch_W,B3_TEE_branch_W/N3/S,TEE,W+N+S,408,"[52500, -610.714349865]","[52500, -610.7143971339]",4.72689e-05,0.0,-4.72689e-05,0,PASS,PASS,PASS,PASS,8,"[""408"", ""4F1"", ""4F0""]",PASS
B4_TEE_branch_E,B4_TEE_branch_E/N2/E,TEE,E+N+S,407,"[59110.714349865, 0]","[59110.7143971339, 0]",4.72689e-05,0.0,-4.72689e-05,0,PASS,PASS,PASS,PASS,8,"[""407"", ""4D9"", ""4D8""]",PASS
B4_TEE_branch_E,B4_TEE_branch_E/N2/N,TEE,E+N+S,407,"[58500, 610.714349865]","[58500, 610.7143971339]",4.72689e-05,0.0,-4.72689e-05,0,PASS,PASS,PASS,PASS,8,"[""407"", ""4E5"", ""4E4""]",PASS
B4_TEE_branch_E,B4_TEE_branch_E/N2/S,TEE,E+N+S,407,"[58500, -610.714349865]","[58500, -610.7143971339]",4.72689e-05,0.0,-4.72689e-05,0,PASS,PASS,PASS,PASS,8,"[""407"", ""4DE"", ""4DD""]",PASS
C1_CROSS,C1_CROSS/N3/E,CROSS,E+W+N+S,406,"[65610.7142857784, 0]","[65610.7142858257, 0]",4.73e-08,0.0,-4.73e-08,0,PASS,PASS,PASS,PASS,9,"[""406"", ""4D2"", ""4D1""]",PASS
C1_CROSS,C1_CROSS/N3/W,CROSS,E+W+N+S,406,"[64389.2857142216, 0]","[64389.2857141743, 0]",4.73e-08,0.0,-4.73e-08,0,PASS,PASS,PASS,PASS,9,"[""406"", ""4CB"", ""4CA""]",PASS
C1_CROSS,C1_CROSS/N3/N,CROSS,E+W+N+S,406,"[65000, 610.7142857784]","[65000, 610.7142858257]",4.73e-08,0.0,-4.73e-08,0,PASS,PASS,PASS,PASS,9,"[""406"", ""4B5"", ""4B4""]",PASS
C1_CROSS,C1_CROSS/N3/S,CROSS,E+W+N+S,406,"[65000, -610.7142857784]","[65000, -610.7142858257]",4.73e-08,0.0,-4.73e-08,0,PASS,PASS,PASS,PASS,9,"[""406"", ""4C0"", ""4BF""]",PASS
D1_CHAIN,D1_CHAIN/N2/W,ELBOW,W+N,404,"[3534.588992112, 10000]","[3534.588992112, 10000]",0.0,0.0,0,0,PASS,PASS,PASS,PASS,8,"[""404"", ""46F"", ""46E""]",PASS
D1_CHAIN,D1_CHAIN/N2/N,ELBOW,W+N,404,"[3999.9999759204, 10465.4109838086]","[4000, 10465.411007888]",2.40795e-05,0.0,-2.40795e-05,2.40796e-05,PASS,PASS,PASS,PASS,8,"[""404"", ""47F"", ""47E""]",PASS
D1_CHAIN,D1_CHAIN/N3/E,TEE,E+N+S,403,"[4610.714349865, 14000]","[4610.7143971339, 14000]",4.72689e-05,0.0,-4.72689e-05,0,PASS,PASS,PASS,PASS,8,"[""403"", ""464"", ""463""]",PASS
D1_CHAIN,D1_CHAIN/N3/N,TEE,E+N+S,403,"[4000, 14610.714349865]","[4000, 14610.7143971339]",4.72689e-05,0.0,-4.72689e-05,0,PASS,PASS,PASS,PASS,8,"[""403"", ""48C"", ""48B""]",PASS
D1_CHAIN,D1_CHAIN/N3/S,TEE,E+N+S,403,"[4000, 13389.2856501351]","[4000, 13389.2856028661]",4.72689e-05,0.0,-4.72689e-05,0,PASS,PASS,PASS,PASS,8,"[""403"", ""47F"", ""47E""]",PASS
D1_CHAIN,D1_CHAIN/N4/E,ELBOW,E+S,405,"[4465.411007888, 18000]","[4465.411007888, 18000]",0.0,0.0,0,0,PASS,PASS,PASS,PASS,7,"[""405"", ""499"", ""498""]",PASS
D1_CHAIN,D1_CHAIN/N4/S,ELBOW,E+S,405,"[4000.0000240796, 17534.5890161915]","[4000, 17534.588992112]",2.40795e-05,0.0,-2.40795e-05,2.40796e-05,PASS,PASS,PASS,PASS,7,"[""405"", ""48C"", ""48B""]",PASS
D1_CHAIN,D1_CHAIN/N7/E,CROSS,E+W+N+S,402,"[9610.7142857784, 18000]","[9610.7142858257, 18000]",4.73e-08,0.0,-4.73e-08,0,PASS,PASS,PASS,PASS,9,"[""402"", ""4AA"", ""4A9""]",PASS
D1_CHAIN,D1_CHAIN/N7/W,CROSS,E+W+N+S,402,"[8389.2857142216, 18000]","[8389.2857141743, 18000]",4.73e-08,0.0,-4.73e-08,0,PASS,PASS,PASS,PASS,9,"[""402"", ""499"", ""498""]",PASS
D1_CHAIN,D1_CHAIN/N7/N,CROSS,E+W+N+S,402,"[9000, 18610.7142857784]","[9000, 18610.7142858257]",4.73e-08,0.0,-4.73e-08,0,PASS,PASS,PASS,PASS,9,"[""402"", ""459"", ""458""]",PASS
D1_CHAIN,D1_CHAIN/N7/S,CROSS,E+W+N+S,402,"[9000, 17389.2857142216]","[9000, 17389.2857141743]",4.73e-08,0.0,-4.73e-08,0,PASS,PASS,PASS,PASS,9,"[""402"", ""44E"", ""44D""]",PASS
E1_TURNS_long,E1_TURNS_long/N2/E,ELBOW,E+N,401,"[965.4109838085, 33000.0000240796]","[965.411007888, 33000]",2.40795e-05,0.0,-2.40795e-05,2.40796e-05,PASS,PASS,PASS,PASS,8,"[""401"", ""43A"", ""439""]",PASS
E1_TURNS_long,E1_TURNS_long/N2/N,ELBOW,E+N,401,"[500, 33465.411007888]","[500, 33465.411007888]",0.0,0.0,0,0,PASS,PASS,PASS,PASS,8,"[""401"", ""442"", ""441""]",PASS
E1_TURNS_long,E1_TURNS_long/N4/W,ELBOW,W+N,3FF,"[2534.588992112, 30000]","[2534.588992112, 30000]",0.0,0.0,0,0,PASS,PASS,PASS,PASS,8,"[""3FF"", ""424"", ""423""]",PASS
E1_TURNS_long,E1_TURNS_long/N4/N,ELBOW,W+N,3FF,"[2999.9999759204, 30465.4109838085]","[3000, 30465.411007888]",2.40795e-05,0.0,-2.40795e-05,2.40796e-05,PASS,PASS,PASS,PASS,8,"[""3FF"", ""430"", ""42F""]",PASS
E1_TURNS_long,E1_TURNS_long/N5/W,ELBOW,W+S,400,"[2534.5890161915, 32999.9999759204]","[2534.588992112, 33000]",2.40795e-05,0.0,-2.40795e-05,2.40796e-05,PASS,PASS,PASS,PASS,8,"[""400"", ""43A"", ""439""]",PASS
E1_TURNS_long,E1_TURNS_long/N5/S,ELBOW,W+S,400,"[3000, 32534.588992112]","[3000, 32534.588992112]",0.0,0.0,0,0,PASS,PASS,PASS,PASS,8,"[""400"", ""430"", ""42F""]",PASS
E2_TURNS_short,E2_TURNS_short/N2/E,ELBOW,E+N,3FE,"[11355.4109838086, 31110.0000240796]","[11355.411007888, 31110]",2.40795e-05,0.0,-2.40795e-05,2.40796e-05,PASS,PASS,PASS,PASS,7,"[""3FE"", ""41A"", ""419""]",PASS
E2_TURNS_short,E2_TURNS_short/N2/N,ELBOW,E+N,3FE,"[10890, 31575.411007888]","[10890, 31575.411007888]",0.0,0.0,0,0,PASS,PASS,PASS,PASS,7,"[""3FE"", ""41C"", ""41B""]",PASS
E2_TURNS_short,E2_TURNS_short/N4/W,ELBOW,W+N,3FC,"[11534.588992112, 30000]","[11534.588992112, 30000]",0.0,0.0,0,0,PASS,PASS,PASS,PASS,7,"[""3FC"", ""410"", ""40F""]",PASS
E2_TURNS_short,E2_TURNS_short/N4/N,ELBOW,W+N,3FC,"[11999.9999759204, 30465.4109838085]","[12000, 30465.411007888]",2.40795e-05,0.0,-2.40795e-05,2.40796e-05,PASS,PASS,PASS,PASS,7,"[""3FC"", ""418"", ""417""]",PASS
E2_TURNS_short,E2_TURNS_short/N5/W,ELBOW,W+S,3FD,"[11534.5890161915, 31109.9999759204]","[11534.588992112, 31110]",2.40795e-05,0.0,-2.40795e-05,2.40796e-05,PASS,PASS,PASS,PASS,6,"[""3FD"", ""41A"", ""419""]",PASS
E2_TURNS_short,E2_TURNS_short/N5/S,ELBOW,W+S,3FD,"[12000, 30644.588992112]","[12000, 30644.588992112]",0.0,0.0,0,0,PASS,PASS,PASS,PASS,6,"[""3FD"", ""418"", ""417""]",PASS
